sentence;url;place;lat;lon;sentiment_score;sentiment
Refugee Project is just some energy I had.;http://www.papermag.com/lauryn-hill-20-years-2579839113.html;United States;38.0;-97.0;0.0;neutral
migrants are welcome here” along the march route, which began outside Dallas City Hall.;https://www.couriermail.com.au/news/demonstrators-march-across-america-to-protest-trumps-hard-line-immigration-policies/news-story/a479cfd40648958858b7d6848ab45815?nk=684faa19e5a3ccb000928f0809fa8c06-1530386294;United States;38.0;-97.0;0.4;positive
migrant communities are.;https://indiacurrents.com/appeal-to-aunties-help-end-family-detention/;United States;38.0;-97.0;0.0;neutral
migrants are estimated to have died crossing the Mediterranean so far this year.;http://www.newser.com/article/8ea55e0394d44142a0495811db8d8c42/spanish-boat-saves-60-migrants-but-italy-locks-its-ports.html;Malta;35.83;14.58;0.1;positive
migrants are respected, but priority is given to the people who really need to mobilize.;https://www.latinamericanpost.com/index.php/analysis-global/21886-is-europe-trying-to-stop-the-massive-arrival-of-migrants-and-refugees;Germany;51.0;9.0;0.2;positive
Refugees are not animals’ One of the speakers at the event, Sandra Azocar, came to Edmonton as a refugee from Chile when she was a child.;https://www.thestar.com/edmonton/2018/06/30/edmontonians-hold-demonstration-denouncing-policies-separating-children-from-families.html;Chile;-30.0;-71.0;0.0;neutral
migrants are estimated to have died on Mediterranean so far this year.;http://www.nwaonline.com/news/2018/jun/30/fear-turns-into-joy-rescue-boat-saves-6/;Malta;35.83;14.58;0.1;positive
"refugees are,"" she told CNN via Instagram.";http://www.wfmz.com/news/cnn-national/massive-crowds-to-protest-trumps-immigration-policies/761228509;United States;38.0;-97.0;0.0;neutral
refugees are sheltering in tent camps along the Israeli-controlled Golan Heights, “often lacking access to water, electricity, sources of food or other basic necessities,” the Israeli military said.;https://www.sfgate.com/world/article/Palestinians-say-13-year-old-killed-along-border-13038855.php;Syria;35.0;38.0;-0.075;negative
migrant families is far preferable to holding crying children in cages isolated from their parents.;https://www.thetimesherald.com/story/news/local/2018/06/30/asheville-immigration-rally-adds-voices-protests-nationwide/748108002/;Mexico;23.0;-102.0;-0.05;negative
"Asylum seekers are not criminals,"" said one.";https://www.channelnewsasia.com/news/world/thousands-in-us-march-against-immigration-policy-10487282;United States;38.0;-97.0;0.0;neutral
Migrants do not enjoy protection and/or privileges under international law while refugees do.;http://www.theshillongtimes.com/2018/06/30/assam-a-critical-case/;Bangladesh;24.0;90.0;-0.1;negative
refugees are not allowed in.;http://www.en.netralnews.com/news/international/read/22179/israel.does.not.allow.syrian.refugees.to.enter.their.territory;Syria;35.0;38.0;0.0;neutral
"migrants are welcome here"" along the march route, which began outside Dallas City Hall.";https://www.myarklamiss.com/news/the-latest-immigration-protesters-calling-for-clear-plan/1275265972;United States;38.0;-97.0;0.4;positive
refugees are just too scared to go back to Rakhine,” one refugee coordinator said.;https://www.thehindu.com/news/international/hindu-rohingya-refugees-also-wait-for-a-home/article24301661.ece;Myanmar;22.0;98.0;0.0;neutral
migrants are illegally smuggled from here.;http://www.nigerianeye.com/2018/06/uk-nurse-convicted-of-sex-trafficking.html;Germany;51.0;9.0;-0.5;negative
refugees are required to apply for safe haven in the first safe country they enter.;http://www.speroforum.com/a/PARLQMYXRI43/83600-Report-Trump-administration-to-change-asylum-rules-for-border-crossers;Mexico;23.0;-102.0;0.417;positive
refugees would not be allowed to enter.;https://www.msn.com/en-za/news/other/israel-says-no-to-civilians-fleeing-syria/ar-AAzneMP;Syria;35.0;38.0;0.0;neutral
asylum seekers are Central Americans who come through Mexico to seek asylum in the US.;https://www.americanthinker.com/blog/2018/06/leaked_justice_department_memo_shows_new_sensible_changes_in_asylum_rules.html;Central African Republic;7.0;21.0;0.0;neutral
migrant children are being forcibly taken from their parents at the border, While their mums and dads are sent to federal jails, some of the youngsters are put in cages.;https://www.mirror.co.uk/news/world-news/donald-trump-fooled-prank-call-12823638;United States;38.0;-97.0;0.5;positive
refugees are welcome here,” they chanted, also declaring a welcome for Muslims.;https://tribune.com.pk/story/1746697/3-protesters-across-us-march-immigration-policy/;United States;38.0;-97.0;0.8;positive
refugees are living in crowded and unsafe refugee camps;https://www.gov.uk/government/news/uk-government-calls-for-more-international-support-for-rohingya-refugees-in-bangladesh;Bangladesh;24.0;90.0;0.0;neutral
asylum seekers who are in future identified by German authorities at the German-Austrian border and who have a Eurodac registration in those countries;https://www.thelocal.es/20180630/spain-and-greece-accords-help-merkel-ease-migrant-row;Ukraine;49.0;32.0;0.0;neutral
migrants do not meet our criteria (to claim asylum), and that they must leave.'';https://www.huffingtonpost.ca/2018/06/29/theres-a-lot-of-baloney-in-michelle-rempels-asylum-seekers-claim_a_23471406/;United States;38.0;-97.0;0.0;neutral
refugee resettlement is affecting refugees of all faiths.';https://www.middleeaststar.com/news/257587294/us-accepts-record-high-percentage-of-christian-refugees;Israel;31.5;34.75;0.0;neutral
migrants are refugees.;https://www.theglobeandmail.com/opinion/article-can-one-of-the-nicest-places-in-the-world-canada-survive-whats-to/;Canada;60.0;-95.0;0.0;neutral
refugees who are feeling unsafe in the United States might then have some recourse in terms of applying for asylum,” Penny added.;https://globalnews.ca/news/4305780/london-marches-for-migrant-children-to-be-reunited-with-families-at-victoria-park/;United States;38.0;-97.0;0.0;neutral
migrants who are already registered in those countries.;https://www.dw.com/en/14-countries-agree-to-migrant-return-scheme-with-germany/a-44468640;Latvia;57.0;25.0;0.0;neutral
migrants is wrong and un-American;https://www.shreveporttimes.com/story/news/local/blogs/2018/06/30/demonizing-mexican-immigrants-wrong-and-un-american/741815002/;China;35.0;105.0;-0.5;negative
refugees who are coming today don’t have a choice, they’re part of that conversation whether they want to be or not.”;http://www.humboldtjournal.ca/news/local-news/sharing-the-narrative-for-world-refugee-day-1.23350849;Syria;35.0;38.0;0.0;neutral
refugees are present in Libya.;http://www.breitbart.com/london/2018/06/30/french-newspaper-claims-700000-million-migrants-libya/;Tunisia;34.0;9.0;0.0;neutral
migrants are welcome here.”;http://thehill.com/homenews/news/395017-thousands-gather-in-dc-to-protest-trump-immigration-policies;United States;38.0;-97.0;0.8;positive
migrant crisis is affecting everyone.;https://www.screendaily.com/features/karlovy-vary-via-carpartia-directors-on-making-a-middle-class-film-about-europes-refugee-crisis/5130519.article;Poland;52.0;20.0;0.0;neutral
migrant children are coming unaccompanied, which means that there will be additional trauma which calls for a need for resources that will cause an unnecessary financial burden for states.;http://bipartisanreport.com/2018/06/29/18-u-s-states-band-together-announce-historic-legal-action-to-stop-donald-trump/;United States;38.0;-97.0;-0.2;negative
migrants is more entrenched than ever – the measures announced in the EU agreement seem unclear and far from unanimously agreed upon.;https://www.msn.com/en-gb/news/world/eu-migration-deal-agrees-that-they-don-e2-80-99t-agree-on-anything/ar-AAznefC;Malta;35.83;14.58;0.3;positive
migrants are living in the U.S. illegally?;https://www.azcentral.com/story/news/politics/2018/06/30/illegal-immigration-facts-children-immigrants/747934002/;Mexico;23.0;-102.0;-0.5;negative
"refugees are welcome here,"" said Rissel Peguero Almonte, one of the rally’s organizers.";http://www.wbay.com/content/news/Protesters-fill-up-Green-Bays-City-Deck-for-Families-Belong-Together-Rally-487031161.html;United States;38.0;-97.0;0.8;positive
migrants who are saved on the EU territory;http://www.romaniapress.com/news=99898;Macedonia, Republic of;41.83;22.0;0.0;neutral
migrants are preparing for a major battle ahead.;https://www.opb.org/news/article/npr-the-us-has-a-long-troubled-history-of-detaining-families-together/;United States;38.0;-97.0;0.062;positive
"Refugees are welcome here,"" or ""Hi ho, ICE has got to go.""";https://www.nola.com/politics/index.ssf/2018/06/hundreds_protest_trumps_immigr.html;Mexico;23.0;-102.0;0.8;positive
migrants are criminals and actors who are trying to come to the USA to cause harm to the American people.;https://hollywoodlife.com/2018/06/29/melania-trump-disgusted-by-donald-immigration-kids-border/;United States;38.0;-97.0;0.0;neutral
refugees are deserving of much more consideration and sympathy than they’re being officially given.;http://www.sungazette.com/news/top-news/2018/06/group-marches-to-support-immigrant-children-at-border/;Mexico;23.0;-102.0;0.55;positive
migrants are kept in custody move through the system quicker than if they are released.;http://rinf.com/alt-news/newswire/presstv-us-says-it-will-detain-migrant-children-with-parents/;United States;38.0;-97.0;0.0;neutral
refugees is something the kingdom cannot respond to;http://www.xinhuanet.com/english/2018-07/01/c_137292571.htm;Jordan;31.0;36.0;0.0;neutral
migrants are seeking asylum in Mexico, but Cordon seemed unenthused.;https://www.thebostonpilot.com/article.asp?Source=Popular&ID=182690;Mexico;23.0;-102.0;0.0;neutral
refugees are missing and feared dead after their boat capsized off the coast of Libya, according to the Libyan coastguard.;http://myrepublica.nagariknetwork.com/news/at-least-100-feared-dead-after-boat-sinks-off-libya-coast/;Tunisia;34.0;9.0;-0.2;negative
Refugees are welcome here, immigrants are welcome here.;https://www.cbsnews.com/news/trump-immigration-family-separation-protests-today-nationwide-2018-06-30-live-updates/;United States;38.0;-97.0;0.8;positive
asylum seekers are not allowed to work.;http://vigorousnow.com/2018/06/30/italy-blocks-joint-text-on-trade-defense-at-european-union/;Italy;42.83;12.83;0.0;neutral
migrants are pouring into Europe unhindered.;http://www.koreatimes.co.kr/www/opinion/2018/07/198_251470.html;Turkey;39.0;35.0;0.0;neutral
"migrants are welcome here"" and ""Asylum seeking is not illegal"" to occasional cheers from people across the street at the farmer's market.";https://www.newsleader.com/story/news/local/2018/06/30/staunton-sees-familiesbelongtogether-rally/745864002/;Germany;51.0;9.0;0.35;positive
migrant women is open at the Library of Birmingham.;https://www.independent.co.uk/news/world/refugee-women-art-migrant-blanket-stories-somalia-yemen-syria-pakistan-afghanistan-a8422921.html;United Kingdom;54.0;-2.0;0.0;neutral
refugees are facing new difficulties as monsoon hits the coastal areas of Bangladesh, leaving their camps inundated and cut off from the main areas.;http://www.presstv.com/Detail/2018/06/30/566519/Rohingya-refugees-camp-Bangladesh-Monsoon-flood;Bangladesh;24.0;90.0;0.152;positive
migrants who are registered in other EU countries.;https://news.am/eng/news/459424.html;Germany;51.0;9.0;-0.125;negative
migrant detainees are being held in two-men cells in what are called units, which house about 120 men and have open areas with tables, televisions, computers and phones.;https://www.pasadenastarnews.com/2018/06/29/immigration-inmates-in-victorville-get-more-scabies-chicken-pox-protesters-to-gather-saturday/;Mexico;23.0;-102.0;0.0;neutral
migrants would not be safe in Libya, where they have faced abuse in holding centres, and that returning them there would breach international refugee law.;https://uk.news.yahoo.com/malta-says-migrants-board-lifeline-rescue-ship-mainly-150825642.html;Germany;51.0;9.0;0.25;positive
"refugees are welcome here,"" they chanted, also declaring a welcome for Muslims.";http://news.abs-cbn.com/overseas/07/01/18/thousands-in-us-march-against-immigration-policy;United States;38.0;-97.0;0.8;positive
refugees and are now full citizens, is the legitimate expression of the self-determination of an oppressed indigenous, Middle Eastern people.;http://jewishrefugees.blogspot.com/2018/06/seventy-years-ago-morocco-pogroms.html;Morocco;32.0;-5.0;0.175;positive
refugees are welcome here;https://timesofindia.indiatimes.com/world/us/thousands-in-us-march-against-immigration-policy/articleshow/64809864.cms;Central African Republic;7.0;21.0;0.8;positive
migrants are feared dead after their boat capsized off the Libyan coast on Friday, the country's navy official says.;http://www.risingbd.com/english/100-migrants-feared-dead-in-boat-capsize-off-Libya/54869;Italy;42.83;12.83;-0.2;negative
migrants are being held in other private federal prisons in the state, under the custody of U.S.;https://www.alamogordonews.com/story/news/local/new-mexico/2018/06/29/ice-new-mexico-illegal-immigration-customs-law-enforcement-prison-committee/747158002/;United States;38.0;-97.0;-0.062;negative
migrants are vetted) and that it certainly doesn’t “abuse the asylum system” (because would-be refugees are treated separately than would-be immigrants;https://ipolitics.ca/2018/06/29/rempel-doesnt-think-she-gets-a-fair-shake-from-the-media/;Canada;60.0;-95.0;0.214;positive
migrants who are already in the EU.;https://www.dw.com/en/austrian-chancellor-sebastian-kurz-the-eus-new-power-broker/a-44466137;Austria;47.33;13.33;0.0;neutral
"migrants do not meet our criteria (to claim asylum), and that they must leave.""";http://thechronicleherald.ca/canada/1581017-baloney-meter-are-a-majority-of-asylum-seekers-to-canada-doomed-to-rejection;United States;38.0;-97.0;0.0;neutral
migrant crises are fueled by Latin and South American economic and political crises;https://www.modernghana.com/news/865030/global-asylum-and-refugee-crises-a-ticking-time-bomb.html;Germany;51.0;9.0;0.067;positive
Refugee Agency, is deeply saddened at the latest tragedy in the Mediterranean Sea.;http://humanitariannews.org/20180630/libya-unhcr-appalled-loss-life-sea-coast-libya;United States;38.0;-97.0;0.25;positive
migrant flows are drastically reduced from their 2015 peak;https://www.pressherald.com/2018/06/30/europe-wants-to-outsource-asylum-processing/;Mexico;23.0;-102.0;0.0;neutral
"migrant children are not accounted for with the same efficiency and accuracy as property"" catalogued by the government, Judge Sabraw said.";https://www.independent.ie/world-news/americas/us-wont-say-how-it-plans-to-reunite-migrant-families-37065617.html;United States;38.0;-97.0;0.0;neutral
"migrants are welcome here.""";https://www.ydr.com/story/news/2018/06/30/protesters-fed-up-trumps-zero-tolerance-immigration-policy/747859002/;United States;38.0;-97.0;0.8;positive
Asylum seekers are not criminals,” said one.;http://www.scmp.com/news/world/united-states-canada/article/2153259/marchers-across-us-protest-immigration-policy;United States;38.0;-97.0;0.0;neutral
migrants are trying to leave.;https://www.pressherald.com/2018/06/30/sen-angus-king-joins-brunswick-immigration-rally/;United Kingdom;54.0;-2.0;0.0;neutral
migrants not entering the country via official entry ports;https://www.dw.com/en/donald-trump-signs-order-to-end-family-separations/a-44320438;United States;38.0;-97.0;0.0;neutral
Asylum seekers are not criminals.”;https://www.centralmaine.com/2018/06/30/augusta-farmington-immigration-rallies-draw-hundreds/;United States;38.0;-97.0;0.0;neutral
migrant children are experiencing.;https://www.newsobserver.com/news/local/article214123614.html;Mexico;23.0;-102.0;0.0;neutral
migrant advocates are likely to seek additional legal action if migrant families are detained for months.;https://nationalpost.com/news/world/trump-administration-plans-to-detain-migrant-families-for-months-rather-than-release-them;United States;38.0;-97.0;0.1;positive
Migrant centres are to be established in EU states to process asylum claims after political leaders hammered out a compromise package of measures.;https://www.independent.ie/irish-news/news/migration-crisis-largely-created-by-politicians-varadkar-37066883.html;Italy;42.83;12.83;0.0;neutral
refugees are responsible for the problems in our country,” says Allocca.;https://www.financialexpress.com/entertainment/a-dream-run/1226751/;Tunisia;34.0;9.0;0.2;positive
migrants is becoming a hot topic at an EU summit in Brussels that is focusing on EU migration policy.;http://www.businessinsider.com/ap-eu-lawmakers-sail-on-observer-mission-with-rescue-ship-2018-6;Belgium;50.83;4.0;0.35;positive
"refugees would not be sustainable unless their citizenship and basic rights are guaranteed,"" a refugee and migration expert Asif Munir told The New Nation.";http://thedailynewnation.com/news/179881/no-guarantee-on-rohingya-citizenship-rights.html;Myanmar;22.0;98.0;0.068;positive
migrants are not escaping probable death.;http://theprovince.com/opinion/columnists/wolfe-ford-and-tory-should-oppose-illegal-migrants-from-the-u-s-entering-ontario-from-quebec/wcm/d9a60b0e-1b81-4ea3-9c3b-7c86e6c49904;Mexico;23.0;-102.0;0.0;neutral
migrants did not have, said Jesse Bless, an attorney from Jeff Goldman Immigration in Boston, who is representing Lidia Karine Souza.;https://newsinfo.inquirer.net/1004948/frustration-heartbreak-for-migrant-parents-looking-for-kids-in-us;United Kingdom;54.0;-2.0;0.0;neutral
Refugee Families” is the theme of a public gathering planned by Voices from the Prairie and Human Human;http://www.bcrnews.com/2018/06/28/gathering-at-park-saturday-to-support-refugee-families/a9cn0fz/;United States;38.0;-97.0;0.0;neutral
migrants would not be safe in Libya, where they have faced abuse and rape in holding centres, and that returning them there would breach international refugee law.;https://www.journalducameroun.com/en/lifeline-migrant-ship-captain-faces-maltese-court-monday/;Germany;51.0;9.0;0.25;positive
migrants are not criminals;https://www.cnn.com/2018/06/30/us/families-belong-together-protesters/;United States;38.0;-97.0;0.0;neutral
refugees is indicative of the gravity of the present Rohingya crisis.;https://www.thedailystar.net/frontpage/rohingya-crisis-dhaka-pins-hope-guterres-visit-1597918;United States;38.0;-97.0;0.0;neutral
migrants are responsible for crime or that they take the jobs of American workers.;https://dearkitty1.wordpress.com/2018/06/30/big-united-states-opposition-to-trumps-xenophobia/;United States;38.0;-97.0;0.1;positive
asylum seekers that are being neglected.;http://thelinkpaper.ca/?p=69302;United States;38.0;-97.0;0.0;neutral
refugees generally are not eligible for adoption, according to the U.S. Conference of Catholic Bishops.;https://www.vcstar.com/story/news/politics/immigration/2018/06/29/could-immigrant-children-separated-under-zero-tolerance-face-adoption/744303002/;Mexico;23.0;-102.0;0.025;positive
migrants are mostly illiterate and unskilled and are making no attempt to assimilate.;http://freerepublic.com/focus/f-news/3667191/posts;Italy;42.83;12.83;0.5;positive
migrant population is “unassimilable,” unable to adapt to American culture and an American way of life.;https://www.bainbridgereview.com/opinion/of-time-and-immigration-andrew-moss/;Mexico;23.0;-102.0;-0.167;negative
migrants who are deemed to be eligible for asylum.;http://www.wbal.com/article/322088/3/the-latest-malta-begins-screening-migrant-arrivals;Norway;62.0;10.0;0.0;neutral
migrants is personal: A refugee once saved her son’s life.;https://www.northjersey.com/story/news/local/2018/06/30/clergy-finding-themselves-activists-family-separations-hit-home-nj/718353002/;Australia;-27.0;133.0;0.0;neutral
refugees are fed up;https://www.sott.net/article/389616-9-main-points-to-understand-the-Merkel-saving-EU-deal-on-tackling-influx-of-refugees-migrants;Belgium;50.83;4.0;0.0;neutral
refugees are not just passive recipients of aid, rather, they are employers, employees, producers, distributors, buyers, vendors, and consumers.;https://citizen.co.za/news/south-africa/1967079/the-marketplace-value-of-refugee-camps/;Kenya;1.0;38.0;0.0;neutral
asylum seekers are not criminals,” CNN reported.;https://www.financialexpress.com/world-news/thousands-protest-against-donald-trumps-zero-tolerance-policy/1226846/;United States;38.0;-97.0;0.0;neutral
"migrants not to ""risk the lives of your children"" by trying to enter the U.S. illegally.";http://fairydetox.org/2018/06/30/judge-orders-release-of-9-year-old-brazilian-boy-separated.html;Mexico;23.0;-102.0;-0.5;negative
refugees who are interested and want to return to Syria can do it without any problem, and we will make things easy for anyone who wants to return home.;https://niqnaq.wordpress.com/2018/06/30/jordan-threatened-by-invasion-of-the-cia-trained-moderates-expelled-from-syria/;Syria;35.0;38.0;0.294;positive
"refugee resettlement is affecting refugees of all faiths.""";https://www.voanews.com/a/us-accepts-record-high-number-christian-refugees/4460670.html;Iraq;33.0;44.0;0.0;neutral
migrants are criminals and members of gangs.;https://www.politicususa.com/2018/06/30/trump-tweets-that-democrats-want-to-eliminate-all-police.html;United States;38.0;-97.0;0.0;neutral
asylum seekers are coming for opportunities, jobs and education — which she felt should favor Americans.;https://www.azcentral.com/story/news/politics/immigration/2018/06/30/families-belong-together-march-attracts-hundreds-arizona/748175002/;Mexico;23.0;-102.0;0.0;neutral
refugee is “as human as you, me, as human as everyone in this room”.;https://gbtimes.com/chinas-belt-and-road-initiative-has-found-a-new-friend-in-the-schiller-institute;Central African Republic;7.0;21.0;0.0;neutral
refugees are said to be making their way towards the Golan Heights, while the remaining 60,000 have clustered along the Jordanian border.;https://www.jewsnews.co.il/2018/06/30/watch-idf-gives-humanitarian-aid-to-syrian-refugees-on-border.html;Syria;35.0;38.0;0.0;neutral
migrants were not animals to be put in cages, as happened to some of the children held by immigration officials.;https://www.nbcwashington.com/news/politics/-Protests-Planned-Nationwide-Over-Trump-Immigration-Policy-487012001.html;United States;38.0;-97.0;0.0;neutral
migrants are actually refuges from Central America, families running from horrible violence in their home country.;http://www.thealpenanews.com/opinion/letters-to-the-editor/2018/06/trumps-immigration-plan-is-a-witch-hunt/;United States;38.0;-97.0;-0.333;negative
"migrant children are not accounted for with the same efficiency and accuracy as property,"" he wrote.";https://www.nbcnews.com/storyline/immigration-border-crisis/trump-admin-ran-pilot-program-separating-migrant-families-2017-n887616?cid=public-rss_20180630;Honduras;15.0;-86.5;0.0;neutral
"asylum seekers are not criminals,"" CNN reported.";http://www.sify.com/news/thousands-protest-against-trumps-zero-tolerance-policy-news-international-shbczibjjegfd.html;United States;38.0;-97.0;0.0;neutral
refugees are languishing in crowded and flood-prone Bangladeshi refugee camps.;https://www.outlookindia.com/newsscroll/india-should-pressurise-myanmar-to-take-back-rohingyas-bdesh-envoy/1340697;Bangladesh;24.0;90.0;0.0;neutral
migrant children’ are being forcibly drugged with psychotropic medication;http://www.neonnettle.com/news/4413-lawsuit-us-government-drugging-migrant-children-with-psychotropic-medication;Mexico;23.0;-102.0;0.5;positive
migrants who are rescued in the Mediterranean returned to a ‘disembarkation’ area to have their asylum claims assessed.;http://www.dailymail.co.uk/news/article-5902981/Europes-migration-fiasco-Brussels-plan-build-EU-migrant-centre-descends-farce.html;Germany;51.0;9.0;0.0;neutral
refugees are no longer barred indefinitely.;https://www.hrw.org/news/2018/06/29/family-separation-flashpoint-global-migrant-crisis;Italy;42.83;12.83;0.0;neutral
migrants is treated after being rescued);http://www.dailymail.co.uk/news/article-5903771/Spanish-rescue-boat-saves-60-migrants-Libyan-coast.html;Germany;51.0;9.0;0.0;neutral
migrants are criminals and calling them names is not only irresponsible, but has dangerous consequences, said Jonathan Solorzano, a community organizer with the Long Beach Immigrant Rights Coalition.;https://www.presstelegram.com/2018/06/30/1300-march-against-separating-immigrant-families-in-long-beach/;United States;38.0;-97.0;-0.217;negative
migrants are estimated to have died on the Mediterranean so far this year.;https://www.sfgate.com/world/article/Spanish-boat-saves-60-migrants-but-Italy-locks-13040416.php;Malta;35.83;14.58;0.1;positive
asylum seekers is cruel – separating children from mothers (even those nursing, CNN has reported), dads or other family members.;https://www.pressherald.com/2018/06/30/letter-to-the-editor-direction-u-s-is-going-in-is-cause-for-great-dismay/;Japan;36.0;138.0;-0.562;negative
"Refugees are again fleeing the towns.When Washington ""understands the difficult conditions"" its militia allies are facing and says it ""advises"" the Russians and Syrians not to violate a ceasefire - which was Moscow's idea in the first place -But the US also realises that its millions of dollars worth of training and weapons have been passed on to al-Nusra - aka al-Qaeda of 9/11 infamy - and that the Nusra front holds villages and positions within the area outside Deraa nominally held by those well-known ""moderates"" of the FSA (whose mythical strength";https://www.sott.net/article/389701-Historic-moment-The-US-has-given-up-on-the-overthrow-of-Assad-in-Syria;Russian Federation;60.0;100.0;0.012;positive
migrant parents are now to be placed in detention together with their children while they await a decision on their status.;http://www.4-traders.com/news/Europe-Moves-in-Parallel-to-U-S-to-Manage-Immigration--26858510/;Mexico;23.0;-102.0;0.0;neutral
migrants are missing at sea and feared dead after their boat capsized east of the Libyan capital of Tripoli.;https://www.wthr.com/article/latest-spain-rescues-90-migrants-crossing-morocco;Libya;25.0;17.0;-0.2;negative
refugee crisis is threatening to completely rip apart the so-called European unity, which is actually nonexistent, it could end the chancellorship of Angela Merkel within less than two weeks.;https://geopolitics.co/2018/06/30/change-for-the-better-is-coming-if-you-fight-for-it/;Mexico;23.0;-102.0;-0.017;negative
migrant community is resilient, and I want our community and our immigrant families and children who are at the border (to know) that they have a lot of people who have their backs,” Carrisales said.;https://www.ksat.com/news/crisis-on-the-border/hundreds-rally-in-san-antonio-to-protest-trump-administrations-zero-tolerance-policy;Mexico;23.0;-102.0;0.0;neutral
migrant children are being kept.;http://www.montereyherald.com/social-affairs/20180629/local-womens-group-calls-for-action-on-immigration-policies;United States;38.0;-97.0;0.0;neutral
refugees are aware of this and will not return until the government clears up the property ownership issues.;http://www.strategypage.com/%5Cqnd%5Cindia%5Carticles%5C20180629.aspx;Bangladesh;24.0;90.0;0.25;positive
asylum seekers is stillcreating political problems within the EU.Annual asylum applications by country;https://thepropertygazette.org/2018/06/30/eus-migrant-deal-reflects-ascendance-of-nativist-parties/;United Kingdom;54.0;-2.0;0.0;neutral
Refugees is in Cannes to show the film ‘The Journey’ in partnership with Clear Channel.;http://www.thedrum.com/news/2018/06/30/how-the-advertising-industry-can-help-the-refugee-crisis-qa-with-josie-naughton;France;46.0;2.0;0.1;positive
refugee children is on the rise.;https://www.aljazeera.com/programmes/talktojazeera/inthefield/2018/06/married-14-syria-refugee-child-brides-180630102118158.html;Germany;51.0;9.0;0.0;neutral
"refugees are welcome here.""";http://www.dailyherald.com/news/20180627/arlington-heights-other-suburbs-join-national-families-belong-together-rallies;Mexico;23.0;-102.0;0.8;positive
migrants are opting to stay in Mexico despite a lack of security.;https://www.voanews.com/a/immigration-news-recap-june-24-30/4460784.html;Mexico;23.0;-102.0;0.0;neutral
Refugees are 2 grps.;https://www.christianpost.com/news/un-picks-socialist-over-trumps-evangelical-samaritans-purse-selection-to-head-migration-agency-225576/;Israel;31.5;34.75;0.0;neutral
migrant confinement are dozens of nonprofits that run shelters for families and children.;https://www.expressnews.com/business/local/article/Companies-earn-billions-to-shelter-immigrant-13038840.php;United States;38.0;-97.0;0.0;neutral
migrants are coming from?;https://ahtribune.com/world/2324-immigration-europe-africa-arab.html;Germany;51.0;9.0;0.0;neutral
refugees are now an estimated 22.5 million.;http://www.timescolonist.com/opinion/blogs/spiritually-speaking/lots-to-learn-on-helping-victims-of-refugee-crisis-1.23354212;Canada;60.0;-95.0;0.0;neutral
asylum seekers are eager to find a home that touts democracy, freedom of speech, freedom of religion – things Canadians take for granted every day.;https://www.stalbertgazette.com/article/celebrate-canada-2-20180630;United States;38.0;-97.0;0.0;neutral
migrants are aimed at the entire working class”;http://www.wsws.org/en/articles/2018/06/30/nile-j30.html;Mexico;23.0;-102.0;0.0;neutral
migrants are currently detained in Washington, according to a lawsuit filed against the Trump administration by Washington Attorney General Bob Ferguson.;https://www.seattletimes.com/seattle-news/politics/10000-strong-demonstrate-at-seatac-detention-facility-against-president-trumps-zero-tolerance-immigration-policy/;United Kingdom;54.0;-2.0;0.025;positive
refugee status is granted.;http://www.koreatimes.co.kr/www/nation/2018/07/177_251423.html;Turkey;39.0;35.0;0.0;neutral
migrant population are the second-largest in the country, and emotions run high on the issue of family separations.;https://thinkprogress.org/texas-families-belong-together-trump-protest-0bad98887675/;Mexico;23.0;-102.0;0.16;positive
migrant children are somebody;https://thinkprogress.org/protests-planned-across-the-us-demanding-trump-reunify-immigrant-families-9ef1ac2b69e5/;Mexico;23.0;-102.0;0.0;neutral
Refugee Resettlement are being drugged require an immediate and unambiguous response by the administration.;https://www.psychologytoday.com/us/blog/impromptu-man/201806/what-are-the-rules-ethical-medication-migrant-kids;United States;38.0;-97.0;0.0;neutral
migrants who are imprisoned in the state.;https://www.news-press.com/story/news/politics/2018/06/29/florida-gubernatorial-candidates-take-immigration-proposals/746794002/;Puerto Rico;18.25;-66.5;0.0;neutral
migrant rights are a reproductive justice issue — all people deserve the right to raise their children in a healthy and safe environment without being targeted by aggressive immigration tactics and being forced to live in constant fear;http://nhlabornews.com/2018/06/familiesbelongtogether-hundreds-rally-across-the-state-for-immigration-reform/;Australia;-27.0;133.0;0.187;positive
migrants are currently being redirected, or in Lebanon where one inhabitant out of six is a refugee.;https://rdln.wordpress.com/2018/07/01/only-by-refusing-the-pitting-of-the-poor-against-the-poor-can-we-refuse-a-future-made-up-of-more-exploitation-and-more-oppression-lutte-ouvriere-on-supporting-refugees-and-migrant-workers/;Lebanon;33.83;35.83;0.0;neutral
"migrants are coming in to Islamise the country,"" wrote one online poster in response to a news story on the migrants.";https://www.yahoo.com/news/korea-seeks-stem-asylum-arrivals-060205142.html;South Korea;37.0;127.5;0.0;neutral
refugee quotas is seen as helping to fuel the resurgence of identity politics in countries like Hungary, Austria and Italy.;http://revolutionradio.org/2018/06/30/brexit-news-will-angela-merkel-end-up-destroying-the-eu-these-people-think-so/;Italy;42.83;12.83;0.0;neutral
refugees who are settled in camps in Delhi.;https://english.manoramaonline.com/news/kerala/2018/06/30/kudumbashree-reaches-out-to-rohingya-refugees-delhi.html;India;20.0;77.0;0.0;neutral
refugee child is handed food rations at Jamtoli refugee camp near Cox's Bazaar, Bangladesh, March 29, 2018.;https://www.reuters.com/article/us-myanmar-rohingya/secret-un-myanmar-deal-on-rohingya-offers-no-guarantees-on-citizenship-idUSKBN1JP2PF;Bangladesh;24.0;90.0;0.1;positive
migrants who are released from immigration detention show up to their court date, contrary to the president’s claims.;https://www.motherjones.com/politics/2018/06/alternatives-family-detention-separation-trump/;United States;38.0;-97.0;0.0;neutral
migrants are more likely to commit crimes and to be national security risks, using unrepresentative anecdotes and amorphous fears to justify its policy.;http://www.businessinsider.com/the-law-doesnt-justify-trumps-zero-tolerance-immigration-policies-2018-6;Cuba;21.5;-80.0;0.25;positive
refugees but are being turned away.;https://www.inquisitr.com/4964153/peace-talks-between-syrian-rebels-russia-about-southwest-syria-fail/;Jordan;31.0;36.0;0.0;neutral
"migrant children are suing the administration of President Donald Trump for alleged ""jail-like"" conditions and cruel treatment they said they have received while being detained by federal agencies";http://www.newsweek.com/immigrant-children-sue-trump-cruel-detention-conditions-1002920;Mexico;23.0;-102.0;-0.55;negative
migrants that are rescued from the Mediterranean or who wash up on shore in Southern Europe.;https://www.neweurope.eu/article/a-lasting-agreement/;United States;38.0;-97.0;0.0;neutral
migrants not afraid to speak out.”;https://www.usatoday.com/story/news/nation-now/2018/06/30/families-belong-together-rallies-held-across-usa/747921002/;Germany;51.0;9.0;0.3;positive
"asylum seekers are not criminals,"" reported.";https://www.business-standard.com/article/news-ani/thousands-protest-against-trump-s-zero-tolerance-policy-118070100033_1.html;United States;38.0;-97.0;0.0;neutral
